video_name,processing_time,fps
0.mp4,0.10831451416015625,
1.mp4,0.007317304611206055,
10.mp4,0.004999876022338867,
11.mp4,0.00700068473815918,
12.mp4,0.005255937576293945,
13.mp4,0.008723258972167969,
14.mp4,0.007002353668212891,
15.mp4,0.0074193477630615234,
16.mp4,0.007394552230834961,
17.mp4,0.005030393600463867,
18.mp4,0.0055010318756103516,
19.mp4,0.008999347686767578,
2.mp4,0.004999876022338867,
20.mp4,0.004999876022338867,
21.mp4,0.006002187728881836,
22.mp4,0.005631685256958008,
23.mp4,0.005026817321777344,
24.mp4,0.0050199031829833984,
25.mp4,0.005036354064941406,
26.mp4,0.0033957958221435547,
27.mp4,0.006291627883911133,
28.mp4,0.00600123405456543,
29.mp4,0.004492998123168945,
3.mp4,0.0041046142578125,
30.mp4,0.005183219909667969,
31.mp4,0.00599980354309082,
32.mp4,0.004250764846801758,
33.mp4,0.005461931228637695,
34.mp4,0.004085540771484375,
35.mp4,0.009298324584960938,
36.mp4,0.004396200180053711,
37.mp4,0.005113840103149414,
38.mp4,0.005996227264404297,
39.mp4,0.0051727294921875,
4.mp4,0.005394458770751953,
40.mp4,0.005396842956542969,
41.mp4,0.004999876022338867,
42.mp4,0.004000663757324219,
43.mp4,0.0041904449462890625,
44.mp4,0.005160331726074219,
45.mp4,0.0041081905364990234,
46.mp4,0.005042314529418945,
47.mp4,0.0075168609619140625,
48.mp4,0.005200386047363281,
49.mp4,0.00431513786315918,
5.mp4,0.005002737045288086,
50.mp4,0.004278421401977539,
51.mp4,0.005255699157714844,
52.mp4,0.005484342575073242,
53.mp4,0.0065364837646484375,
54.mp4,0.0074462890625,
55.mp4,0.005008220672607422,
56.mp4,0.002183675765991211,
57.mp4,0.006528615951538086,
58.mp4,0.004016876220703125,
59.mp4,0.005082845687866211,
6.mp4,0.004056215286254883,
7.mp4,0.005441188812255859,
8.mp4,0.004046201705932617,
9.mp4,0.005038261413574219,
