video_name,processing_time,fps
0.mp4,0.396129846572876,
1.mp4,0.0050258636474609375,
10.mp4,0.0049991607666015625,
11.mp4,0.005509138107299805,
12.mp4,0.004000186920166016,
13.mp4,0.005531787872314453,
14.mp4,0.006506919860839844,
15.mp4,0.0050048828125,
16.mp4,0.006524085998535156,
17.mp4,0.005002498626708984,
18.mp4,0.0035085678100585938,
19.mp4,0.010526180267333984,
2.mp4,0.004002809524536133,
20.mp4,0.009510993957519531,
21.mp4,0.006525516510009766,
22.mp4,0.0060024261474609375,
23.mp4,0.004509925842285156,
24.mp4,0.0060024261474609375,
25.mp4,0.008528947830200195,
26.mp4,0.003507375717163086,
27.mp4,0.005005359649658203,
28.mp4,0.005802631378173828,
29.mp4,0.005135059356689453,
3.mp4,0.004366397857666016,
30.mp4,0.004296302795410156,
31.mp4,0.005511045455932617,
32.mp4,0.0050046443939208984,
33.mp4,0.004523515701293945,
34.mp4,0.005251646041870117,
35.mp4,0.011528491973876953,
36.mp4,0.0035071372985839844,
37.mp4,0.005002260208129883,
38.mp4,0.005527496337890625,
39.mp4,0.004999637603759766,
4.mp4,0.004510164260864258,
40.mp4,0.004999876022338867,
41.mp4,0.005528450012207031,
42.mp4,0.00599980354309082,
43.mp4,0.004511594772338867,
44.mp4,0.004999876022338867,
45.mp4,0.0045244693756103516,
46.mp4,0.003999948501586914,
47.mp4,0.008511066436767578,
48.mp4,0.005522489547729492,
49.mp4,0.004002571105957031,
5.mp4,0.004506587982177734,
50.mp4,0.004004716873168945,
51.mp4,0.0039997100830078125,
52.mp4,0.006522655487060547,
53.mp4,0.005507469177246094,
54.mp4,0.009509563446044922,
55.mp4,0.004015684127807617,
56.mp4,0.0029997825622558594,
57.mp4,0.007511138916015625,
58.mp4,0.011530160903930664,
59.mp4,0.005524635314941406,
6.mp4,0.006002664566040039,
7.mp4,0.00847768783569336,
8.mp4,0.005526304244995117,
9.mp4,0.005002737045288086,
